{
  "gemini-1.5-flash": {
    "usage": {
      "promptTokens": 15344,
      "completionTokens": 3319,
      "totalTokens": 0
    },
    "cost": 0.012650500000000002
  },
  "gemini-1.5-pro": {
    "usage": {
      "promptTokens": 154632,
      "completionTokens": 31991,
      "totalTokens": 0
    },
    "cost": 0.7064900000000002
  },
  "claude-3-5-sonnet-20240620": {
    "usage": {
      "promptTokens": 4090,
      "completionTokens": 2966,
      "totalTokens": 0
    },
    "cost": 0.056760000000000005
  }
}